town,city,cityCode,standard_county,province,standard_village,title,standard_town,search_title,lon,completionYear,county,address,lat,standard_province,salesPrice,standard_city,aliases
麦地东,惠州,441300,惠城区,,麦地社区居委会,泰豪绿湖新村,桥西街道办事处,泰豪绿湖新村,114.415,0,惠城,麦地东路8号,23.0725,广东省,14332.0,惠州市,
东平北,惠州,441300,惠城区,,东平村民委员会,光耀荷兰水乡三期,桥东街道办事处,光耀荷兰水乡3期,114.444,2008,惠城,东平二街2号,23.0962,广东省,12065.0,惠州市,光耀荷兰水乡 荷兰水乡 荷兰水乡3期
江北滨江区,惠州,441300,惠城区,,,丽日百合家园,江北街道办事处,丽日百合家园,114.418,2005,惠城,文昌二路1号,23.1138,广东省,19639.0,惠州市,
江北滨江区,惠州,441300,惠城区,,,金裕碧水湾,江北街道办事处,金裕碧水湾,114.414,2010,惠城,文昌二路8号,23.1126,广东省,21695.0,惠州市,
麦地东,惠州,441300,惠城区,,麦地社区居委会,鸿润花园,桥西街道办事处,鸿润花园,114.415,2008,惠城,麦地东二路6号,23.0694,广东省,13779.0,惠州市,
龙丰,惠州,441300,惠城区,,,万林湖,龙丰街道办事处,万林湖,114.391,2007,惠城,金榜路28号,23.0686,广东省,13300.0,惠州市,
麦地西,惠州,441300,惠城区,,麦地社区居委会,麦迪新村,桥西街道办事处,麦迪新村,114.409,2007,惠城,马庄路40号,23.073,广东省,7054.0,惠州市,
江北中心区,惠州,441300,惠城区,,,丽景花园,江北街道办事处,丽景花园,114.433,2004,惠城,新淋路2号,23.1213,广东省,8743.0,惠州市,
南部新城,惠州,441300,惠城区,,,惠泽南苑,,惠泽南苑,114.427,2005,惠城,演达二路,23.0602,广东省,9883.0,惠州市,
南部新城,惠州,441300,惠城区,,,威廉城邦,,威廉城邦,114.427,2008,惠城,三环路15号,23.064,广东省,12945.0,惠州市,
惠环,惠州,441300,仲恺高新区,,,青青世界,惠环街道办事处,青青世界,114.352,2007,惠城,惠风四路,23.0377,广东省,8234.0,惠州市,
南部新城,惠州,441300,惠城区,,,恒和金谷,,恒和金谷,114.421,2007,惠城,演达大道,23.0598,广东省,11627.0,惠州市,
河南岸,惠州,441300,惠城区,,,河南岸镇教师新村,河南岸街道办事处,河南岸镇教师新村,114.43,2011,惠城,白泥路,23.0718,广东省,11259.0,惠州市,
淡水中心区,惠州,441300,惠阳区,,,中铭豪园,淡水街道办事处,中铭豪园,114.465,2008,惠阳,广场东路,22.7928,广东省,9571.0,惠州市,
河南岸,惠州,441300,惠城区,,,金岸花苑,河南岸街道办事处,金岸花苑,114.429,0,惠城,白泥路4号,23.0704,广东省,8619.0,惠州市,
江北滨江区,惠州,441300,惠城区,,,嘉和名苑,江北街道办事处,嘉和名苑,114.414,2007,惠城,文昌二路28号,23.1167,广东省,17761.0,惠州市,
南部新城,惠州,441300,惠城区,,,启明苑,,启明苑,114.427,2006,惠城,演达二路8号,23.0584,广东省,10095.0,惠州市,
南部新城,惠州,441300,惠城区,,,东江学府一期,,东江学府1期,114.443,2016,惠城,体育南路,23.0283,广东省,12270.0,惠州市,东江学府
麦地东,惠州,441300,惠城区,,麦地社区居委会,光辉国际公寓,桥西街道办事处,光辉国际公寓,114.424,0,惠城,三环南路,23.0653,广东省,10929.0,惠州市,
南部新城,惠州,441300,惠城区,,,美地花园城,,美地花园城,114.428,2008,惠城,演达二路7号,23.0592,广东省,11706.0,惠州市,
河南岸,惠州,441300,惠城区,,,广厦新苑,河南岸街道办事处,广厦新苑,114.431,1997,惠城,白泥路5号,23.0723,广东省,6796.0,惠州市,
东平北,惠州,441300,惠城区,,东平村民委员会,金典故事,桥东街道办事处,金典故事,114.429,2004,惠城,东湖西路,23.0907,广东省,9112.0,惠州市,
金山湖,惠州,441300,惠城区,,,南山诗意,河南岸街道办事处,南山诗意,114.434,2009,惠城,惠南大道,23.039,广东省,12229.0,惠州市,
南部新城,惠州,441300,惠城区,,,润泽居,,润泽居,114.421,2007,惠城,演达一路,23.0575,广东省,10092.0,惠州市,
河南岸,惠州,441300,惠城区,,,沙廖湖小区,河南岸街道办事处,沙廖湖小区,114.428,1998,惠城,惠沙堤二路,23.0848,广东省,7388.0,惠州市,
淡水中心区,惠州,441300,惠阳区,,,信和苑,淡水街道办事处,信和苑,114.461,2006,惠阳,福利路,22.799,广东省,10659.0,惠州市,
水口,惠州,441300,惠城区,,,合生上观国际西区,水口街道办事处,合生上观国际西区,114.467,2006,惠城,皇冠路,23.0999,广东省,12388.0,惠州市,合生上观国际
河南岸,惠州,441300,惠城区,,,水岸花都,河南岸街道办事处,水岸花都,114.431,2005,惠城,惠沙堤二路38号,23.0834,广东省,11165.0,惠州市,
下埔,惠州,441300,惠城区,,下埔社区居委会,水印尚堤,桥西街道办事处,水印尚堤,114.416,2006,惠城,惠沙堤一路5号,23.0898,广东省,9787.0,惠州市,
南站新城,惠州,441300,惠阳区,,,博雅苑,,博雅苑,114.478,2005,惠阳,承修二路,22.7874,广东省,7484.0,惠州市,
东平北,惠州,441300,惠城区,,东平村民委员会,东晖苑,桥东街道办事处,东晖苑,114.435,2003,惠城,东平大道35号,23.0947,广东省,9886.0,惠州市,
麦地东,惠州,441300,惠城区,,麦地社区居委会,云天华庭,桥西街道办事处,云天华庭,114.421,2009,惠城,演达一路14号,23.074,广东省,11870.0,惠州市,
东平北,惠州,441300,惠城区,,东平村民委员会,华庭阁,桥东街道办事处,华庭阁,114.434,0,惠城,东湖西路,23.0931,广东省,11407.0,惠州市,
花边岭,惠州,441300,惠城区,,花边岭社区居委会,华侨新村,桥西街道办事处,华侨新村,114.413,1994,惠城,麦地路,23.0799,广东省,5568.0,惠州市,
淡水中心区,惠州,441300,惠阳区,,,金惠大厦,淡水街道办事处,金惠大厦,114.457,2006,惠阳,金惠大道19号,22.7911,广东省,10084.0,惠州市,
淡水西,惠州,441300,惠阳区,,,康泰花园,淡水街道办事处,康泰花园,114.47,1996,惠阳,大华三路9号,22.7847,广东省,6480.0,惠州市,
花边岭,惠州,441300,惠城区,,花边岭社区居委会,五星国墅园,桥西街道办事处,5星国墅园,114.422,2009,惠城,石湖路,23.0752,广东省,9761.0,惠州市,
龙丰,惠州,441300,惠城区,,,金迪星苑六期,龙丰街道办事处,金迪星苑6期,114.398,2005,惠城,金榜路,23.0611,广东省,9998.0,惠州市,金迪星苑
下埔,惠州,441300,惠城区,,下埔社区居委会,帝景台,桥西街道办事处,帝景台,114.424,2003,惠城,惠沙堤一路,23.0875,广东省,10176.0,惠州市,
淡水西,惠州,441300,惠阳区,,,福悦花园,淡水街道办事处,福悦花园,114.459,1995,惠阳,白云二路,22.7871,广东省,8449.0,惠州市,
大湖溪,惠州,441300,惠城区,,湖溪社区居委会,金溪花园,水口街道办事处,金溪花园,114.46,2008,惠城,龙湖大道,23.1023,广东省,8636.0,惠州市,
南坛,惠州,441300,惠城区,,南坛社区居委会,巴黎广场,桥西街道办事处,巴黎广场,114.415,2007,惠城,麦地路,23.0817,广东省,20984.0,惠州市,
小金口,惠州,441300,惠城区,,,金冠园,小金口街道办事处,金冠园,114.41,2007,惠城,惠州大道,23.1985,广东省,6543.0,惠州市,
陈江,惠州,441300,仲恺高新区,,,御景华城三期可园,陈江街道办事处,御景华城3期可园,114.325,2006,惠城,金茂路,23.0086,广东省,7507.0,惠州市,御景华城 御景华城可园
南站新城,惠州,441300,惠阳区,,,圣堤亚纳河滨华苑,,圣堤亚纳河滨华苑,114.486,2009,惠阳,长安南路199号,22.7834,广东省,11220.0,惠州市,
花边岭,惠州,441300,惠城区,,花边岭社区居委会,花边岭南,桥西街道办事处,花边岭南,114.42,2008,惠城,演达路6号,23.0777,广东省,12844.0,惠州市,
潼侨镇,惠州,441300,仲恺高新区,,,郦城水岸,潼侨镇,郦城水岸,114.308,2009,惠城,环侨路,23.0316,广东省,8155.0,惠州市,
南站新城,惠州,441300,惠阳区,,,广发花园,,广发花园,114.476,1994,惠阳,万顺二路五巷18号,22.7861,广东省,7390.0,惠州市,
淡水中心区,惠州,441300,惠阳区,,,江南豪苑,淡水街道办事处,江南豪苑,114.462,2011,惠阳,云新路,22.8022,广东省,10723.0,惠州市,
陈江,惠州,441300,仲恺高新区,,,大欣圆梦园,陈江街道办事处,大欣圆梦园,114.331,2008,惠城,东新路28号,22.9979,广东省,6902.0,惠州市,
麦地东,惠州,441300,惠城区,,麦地社区居委会,麦兴新苑,桥西街道办事处,麦兴新苑,114.413,2003,惠城,麦地南路23号,23.072,广东省,7203.0,惠州市,
淡水中心区,惠州,441300,惠阳区,,,润福苑阑庭,淡水街道办事处,润福苑阑庭,114.45,2010,惠阳,湖兴湖路,22.7866,广东省,8459.0,惠州市,
中心区,惠州,441300,惠阳区,,,新天名城,,新天名城,114.546,2009,惠阳,中兴五路,22.7501,广东省,11185.0,惠州市,
水口,惠州,441300,惠城区,,,瑜进嘉园,水口街道办事处,瑜进嘉园,114.48,2007,惠城,新联东路,23.1263,广东省,8393.0,惠州市,
罗阳,惠州,441300,博罗县,,,城市绿洲,罗阳镇,城市绿洲,114.315,2010,博罗,商业东街,23.1786,广东省,7405.0,惠州市,
河南岸,惠州,441300,惠城区,,,都市丽景,河南岸街道办事处,都市丽景,114.428,2006,惠城,南岸路,23.07,广东省,8361.0,惠州市,
南站新城,惠州,441300,惠阳区,,,美华楼,,美华楼,114.481,1992,惠阳,叶挺西路,22.7999,广东省,5813.0,惠州市,
花边岭,惠州,441300,惠城区,,花边岭社区居委会,润丰苑,桥西街道办事处,润丰苑,114.413,2003,惠城,麦地东路1号,23.0741,广东省,9465.0,惠州市,
江北中心区,惠州,441300,惠城区,,,云山名苑,江北街道办事处,云山名苑,114.428,2010,惠城,花园路17号,23.1226,广东省,15260.0,惠州市,
南站新城,惠州,441300,惠阳区,,,益利新村,,益利新村,114.481,1995,惠阳,开城大道南131号,22.783,广东省,3079.0,惠州市,
南站新城,惠州,441300,惠阳区,,,富华楼西区,,富华楼西区,114.479,1993,惠阳,中山二路24号,22.7899,广东省,5284.0,惠州市,富华楼
龙丰,惠州,441300,惠城区,,,华洪楼,龙丰街道办事处,华洪楼,114.39,1996,惠城,大岭路34号,23.0818,广东省,4200.0,惠州市,
龙丰,惠州,441300,惠城区,,,嘉湖苑,龙丰街道办事处,嘉湖苑,114.393,1998,惠城,鹅岭西路,23.0846,广东省,6864.0,惠州市,
西湖风景区,惠州,441300,惠城区,,,绿雅居,,绿雅居,114.402,2004,惠城,佛祖坳路,23.0869,广东省,7000.0,惠州市,
南站新城,惠州,441300,惠阳区,,,宁南楼,,宁南楼,114.482,1995,惠阳,惠康路,22.7868,广东省,2840.0,惠州市,
西湖风景区,惠州,441300,惠城区,,,雍翠园,,雍翠园,114.399,2003,惠城,龙西街,23.0863,广东省,7965.0,惠州市,
麦地东,惠州,441300,惠城区,,麦地社区居委会,德馨苑,桥西街道办事处,德馨苑,114.419,2007,惠城,花边南路,23.0725,广东省,8939.0,惠州市,
下角,惠州,441300,惠城区,,下角村民委员会,凌湖新苑,江南街道办事处,凌湖新苑,114.397,2006,惠城,新村二路,23.1109,广东省,9829.0,惠州市,
西区,惠州,441300,大亚湾区,,,秋谷康城,西区办事处,秋谷康城,114.453,0,惠阳,石化大道西71号,22.7455,广东省,9442.0,惠州市,
麦地东,惠州,441300,惠城区,,麦地社区居委会,荣浩花园,桥西街道办事处,荣浩花园,114.418,2000,惠城,花边南路20号,23.0728,广东省,6718.0,惠州市,
中心区,惠州,441300,惠阳区,,,听涛雅苑,,听涛雅苑,114.539,2012,惠阳,中兴中路,22.7578,广东省,9575.0,惠州市,
南站新城,惠州,441300,惠阳区,,,杏林苑,,杏林苑,114.486,2009,惠阳,长安南路,22.7846,广东省,9621.0,惠州市,
惠环,惠州,441300,仲恺高新区,,,雍华庭,惠环街道办事处,雍华庭,114.365,2008,惠城,惠台路,23.0186,广东省,7981.0,惠州市,
西区,惠州,441300,大亚湾区,,,阳基阳光时代,西区办事处,阳基阳光时代,114.496,0,惠阳,大亚湾大道,22.7585,广东省,9803.0,惠州市,
下埔,惠州,441300,惠城区,,下埔社区居委会,紫荆苑,桥西街道办事处,紫荆苑,114.417,0,惠城,下埔路1号,23.0881,广东省,7954.0,惠州市,
南站新城,惠州,441300,惠阳区,,,安乐公寓,,安乐公寓,114.48,1995,惠阳,开城大道中,22.7852,广东省,4081.0,惠州市,
惠环,惠州,441300,仲恺高新区,,,半山名苑,惠环街道办事处,半山名苑,114.353,2011,惠城,和畅五路西105号,23.0526,广东省,11909.0,惠州市,
江北中心区,惠州,441300,惠城区,,,华润广场,江北街道办事处,华润广场,114.427,2007,惠城,三新南路12号,23.1246,广东省,11002.0,惠州市,
麦地东,惠州,441300,惠城区,,麦地社区居委会,和庆楼,桥西街道办事处,和庆楼,114.419,2005,惠城,花边南路35号,23.0731,广东省,9239.0,惠州市,
大湖溪,惠州,441300,惠城区,,湖溪社区居委会,湖溪新苑,水口街道办事处,湖溪新苑,114.457,1993,惠城,湖西一路五街,23.0916,广东省,5569.0,惠州市,
麦地西,惠州,441300,惠城区,,麦地社区居委会,基斯大厦,桥西街道办事处,基斯大厦,114.401,0,惠城,鹅岭南路11号,23.0832,广东省,9429.0,惠州市,
南站新城,惠州,441300,惠阳区,,,锦珠花园,,锦珠花园,114.476,1995,惠阳,富源路62号,22.7811,广东省,11028.0,惠州市,
淡水中心区,惠州,441300,惠阳区,,,林苑花园,淡水街道办事处,林苑花园,114.467,1995,惠阳,园岭街7号,22.7914,广东省,4591.0,惠州市,
中心区,惠州,441300,惠阳区,,,新际首座,,新际首座,114.546,2009,惠阳,澳霞大道,22.7488,广东省,7511.0,惠州市,
淡水西,惠州,441300,惠阳区,,,德兴雅苑,淡水街道办事处,德兴雅苑,114.473,1990,惠阳,承修三路,22.7866,广东省,7346.0,惠州市,
淡水西,惠州,441300,惠阳区,,,枫叶雅堤,淡水街道办事处,枫叶雅堤,114.443,2010,惠阳,白云一路,22.7814,广东省,8405.0,惠州市,
南站新城,惠州,441300,惠阳区,,,供水新村,,供水新村,114.486,2001,惠阳,星河东二路,22.8007,广东省,5185.0,惠州市,
西区,惠州,441300,大亚湾区,,,海湾首府,西区办事处,海湾首府,114.501,2012,惠阳,龙海二路5号,22.7609,广东省,9841.0,惠州市,
花边岭,惠州,441300,惠城区,,花边岭社区居委会,红棉阁,桥西街道办事处,红棉阁,114.418,1994,惠城,花边南路,23.0777,广东省,7547.0,惠州市,
江北中心区,惠州,441300,惠城区,,,锦源国际,江北街道办事处,锦源国际,114.43,2011,惠城,云山东路19号,23.1196,广东省,14300.0,惠州市,
大湖溪,惠州,441300,惠城区,,湖溪社区居委会,龙日花苑,水口街道办事处,龙日花苑,114.457,2009,惠城,同福南路9号,23.1022,广东省,10033.0,惠州市,
下角,惠州,441300,惠城区,,下角村民委员会,名家花园,江南街道办事处,名家花园,114.373,2007,惠城,共联路19号,23.0965,广东省,9471.0,惠州市,
淡水中心区,惠州,441300,惠阳区,,,生隆大厦,淡水街道办事处,生隆大厦,114.461,1995,惠阳,人民四路,22.8128,广东省,3983.0,惠州市,
龙丰,惠州,441300,惠城区,,,上排苑小区,龙丰街道办事处,上排苑小区,114.396,2002,惠城,上排沙下路,23.082,广东省,6930.0,惠州市,
龙丰,惠州,441300,惠城区,,,瑶芳花园,龙丰街道办事处,瑶芳花园,114.392,1995,惠城,大岭路31号,23.081,广东省,6971.0,惠州市,
淡水中心区,惠州,441300,惠阳区,,,运行花园,淡水街道办事处,运行花园,114.471,1995,惠阳,石坑一路10号,22.795,广东省,12586.0,惠州市,
龙丰,惠州,441300,惠城区,,,丽廷苑,龙丰街道办事处,丽廷苑,114.393,2003,惠城,大岭路,23.0812,广东省,8022.0,惠州市,
龙丰,惠州,441300,惠城区,,,城市原筑,龙丰街道办事处,城市原筑,114.389,2008,惠城,金榜路,23.0859,广东省,11824.0,惠州市,
北门窑下,惠州,441300,博罗县,,,东豪花园,,东豪花园,114.284,2006,博罗,桥西四路,23.173,广东省,5038.0,惠州市,
西区,惠州,441300,大亚湾区,,,峰景湾,西区办事处,峰景湾,114.51,2008,惠阳,石化大道中514号,22.7471,广东省,7710.0,惠州市,
长宁,惠州,441300,博罗县,,,浮山天籁,长宁镇,浮山天籁,114.072,2011,博罗,223县道,23.2657,广东省,6658.0,惠州市,
淡水西,惠州,441300,惠阳区,,,富达花园,淡水街道办事处,富达花园,114.464,1995,惠阳,草洋西路一巷11号,22.7892,广东省,8518.0,惠州市,
下埔,惠州,441300,惠城区,,下埔社区居委会,华升楼,桥西街道办事处,华升楼,114.421,1999,惠城,南三街,23.0842,广东省,7229.0,惠州市,
龙丰,惠州,441300,惠城区,,,华银小区,龙丰街道办事处,华银小区,114.391,1995,惠城,中心街2号,23.0829,广东省,6428.0,惠州市,
南部新城,惠州,441300,惠城区,,,金碧南山美地,,金碧南山美地,114.418,2007,惠城,三环南路,23.0647,广东省,9022.0,惠州市,
博罗体育中心,惠州,441300,博罗县,,,骏园春天,,骏园春天,114.353,2007,博罗,惠州大道,23.187,广东省,7901.0,惠州市,
东湖花园,惠州,441300,惠城区,,东湖社区居委会,康雅苑,桥东街道办事处,康雅苑,114.43,1995,惠城,东湖西路8号,23.0902,广东省,9408.0,惠州市,
石湾,惠州,441300,博罗县,,,奥晨龙湾新城,石湾镇,奥晨龙湾新城,113.862,2007,博罗,四十米大道,23.1296,广东省,7899.0,惠州市,
东平北,惠州,441300,惠城区,,东平村民委员会,荔兴湾,桥东街道办事处,荔兴湾,114.441,2003,惠城,东平中路39号,23.0952,广东省,5221.0,惠州市,
花边岭,惠州,441300,惠城区,,花边岭社区居委会,麦丰楼,桥西街道办事处,麦丰楼,114.414,2000,惠城,麦岸路5号,23.0797,广东省,5238.0,惠州市,
花边岭,惠州,441300,惠城区,,花边岭社区居委会,三亚塘小区,桥西街道办事处,3亚塘小区,114.418,1998,惠城,花边南路25号,23.0777,广东省,5535.0,惠州市,
下角,惠州,441300,惠城区,,下角村民委员会,石油公司宿舍,江南街道办事处,石油公司宿舍,114.394,1996,惠城,下角西路,23.12,广东省,5682.0,惠州市,
平山,惠州,441300,惠东县,,,升辉花园,平山街道办事处,升辉花园,114.727,2005,惠东,黄排河南路,22.9763,广东省,4494.0,惠州市,
东湖花园,惠州,441300,惠城区,,东湖社区居委会,双湖楼,桥东街道办事处,双湖楼,114.431,1996,惠城,东湖西路16号,23.0904,广东省,5428.0,惠州市,
下埔,惠州,441300,惠城区,,下埔社区居委会,幸福立方,桥西街道办事处,幸福立方,114.419,2011,惠城,南二街5号,23.0854,广东省,8596.0,惠州市,
淡水中心区,惠州,441300,惠阳区,,,雅润花园,淡水街道办事处,雅润花园,114.472,2000,惠阳,尧岭一路,22.8025,广东省,4193.0,惠州市,
西区,惠州,441300,大亚湾区,,,卓越东部蔚蓝海岸,西区办事处,卓越东部蔚蓝海岸,114.453,2017,惠阳,石化大道西66号,22.7489,广东省,11469.0,惠州市,
淡水中心区,惠州,441300,惠阳区,,,盛世翡翠,淡水街道办事处,盛世翡翠,114.458,2011,惠阳,金惠大道8号,22.7914,广东省,11556.0,惠州市,
澳头,惠州,441300,大亚湾区,,,亿嘉菁华园,澳头办事处,亿嘉菁华园,114.537,2012,惠阳,教育路,22.7243,广东省,7647.0,惠州市,
澳头,惠州,441300,大亚湾区,,,皇庭波西塔诺(别墅),澳头办事处,皇庭波西塔诺(别墅),114.545,2012,惠阳,进港路,22.7278,广东省,13549.0,惠州市,波西塔诺 皇庭波西塔诺
稔山,惠州,441300,惠东县,,,合正东部湾,稔山镇,合正东部湾,114.758,2014,惠东,21省道,22.7856,广东省,10979.0,惠州市,
惠环,惠州,441300,仲恺高新区,,,富川瑞园,惠环街道办事处,富川瑞园,114.353,2011,惠城,仲恺大道303号,23.0266,广东省,9306.0,惠州市,
南站新城,惠州,441300,惠阳区,,,铁湖书院,,铁湖书院,114.484,2010,惠阳,铁湖北路2号,22.8045,广东省,6429.0,惠州市,
中心区,惠州,441300,惠阳区,,,龙富花园,,龙富花园,114.547,2011,惠阳,中兴五路148号,22.7573,广东省,9793.0,惠州市,
澳头,惠州,441300,大亚湾区,,,天喜东方,澳头办事处,天喜东方,114.523,2010,惠阳,大亚湾大道3号,22.7382,广东省,7368.0,惠州市,
江北中心区,惠州,441300,惠城区,,,德威摩卡小镇,江北街道办事处,德威摩卡小镇,114.443,2015,惠城,三环北路18号,23.1396,广东省,12889.0,惠州市,摩卡小镇
水口,惠州,441300,惠城区,,,光耀荷兰公馆,水口街道办事处,光耀荷兰公馆,114.481,2012,惠城,惠州大道,23.0764,广东省,9510.0,惠州市,荷兰公馆
江北中心区,惠州,441300,惠城区,,,宏益公馆,江北街道办事处,宏益公馆,114.43,2009,惠城,新江路11号,23.1317,广东省,16202.0,惠州市,
平山,惠州,441300,惠东县,,,怡景湾,平山街道办事处,怡景湾,114.713,2012,惠东,华侨城大道75号,22.9863,广东省,9373.0,惠州市,
花边岭,惠州,441300,惠城区,,花边岭社区居委会,泰豪广场,桥西街道办事处,泰豪广场,114.415,2009,惠城,麦地东路5号,23.0741,广东省,17252.0,惠州市,
江北新区,惠州,441300,惠城区,,,昊地喜悦城果,江北街道办事处,昊地喜悦城果,114.417,0,惠城,新围路,23.1373,广东省,7818.0,惠州市,
淡水中心区,惠州,441300,惠阳区,,,新城国际,淡水街道办事处,新城国际,114.456,2012,惠阳,金惠大道,22.7905,广东省,9834.0,惠州市,
南部新城,惠州,441300,惠城区,,,美高春天里,,美高春天里,114.423,2012,惠城,演达二路,23.0585,广东省,13024.0,惠州市,
澳头,惠州,441300,大亚湾区,,,中嘉领骏宏景滨海公寓,澳头办事处,中嘉领骏宏景滨海公寓,114.537,0,惠阳,教育路2号,22.7237,广东省,10018.0,惠州市,
淡水中心区,惠州,441300,惠阳区,,,汇一城,淡水街道办事处,汇1城,114.463,2012,惠阳,府东北街,22.798,广东省,10896.0,惠州市,
南站新城,惠州,441300,惠阳区,,,苹果社区,,苹果社区,114.479,2013,惠阳,爱民东路76号,22.7838,广东省,9904.0,惠州市,
南站新城,惠州,441300,惠阳区,,,尚峰微豪宅,,尚峰微豪宅,114.483,2012,惠阳,白云五路,22.8046,广东省,8958.0,惠州市,
西区,惠州,441300,大亚湾区,,,中央御园一期,西区办事处,中央御园1期,114.475,2016,惠阳,龙海三路,22.734,广东省,9471.0,惠州市,中央御园
澳头,惠州,441300,大亚湾区,,,海伦堡爱ME城市,澳头办事处,海伦堡爱ME城市,114.534,2016,惠阳,教育路,22.7245,广东省,10346.0,惠州市,爱ME城市
淡水中心区,惠州,441300,惠阳区,,,自由自宅,淡水街道办事处,自由自宅,114.458,2013,惠阳,人民三路,22.8144,广东省,10025.0,惠州市,
巽寮,惠州,441300,惠东县,,,巽寮湾幸福方舟,巺寮滨海旅游渡假区管理委员会,巽寮湾幸福方舟,114.75,2012,惠东,情海路,22.6737,广东省,11467.0,惠州市,
江北中心区,惠州,441300,惠城区,,,八方新越,江北街道办事处,8方新越,114.427,2014,惠城,惠州大道110号,23.1246,广东省,13552.0,惠州市,
龙光德州城,惠州,441300,惠阳区,,,锦地繁花,,锦地繁花,114.434,2016,惠阳,石化大道西333号,22.7496,广东省,10976.0,惠州市,
龙溪,惠州,441300,博罗县,,,新龙苑,龙溪镇,新龙苑,114.151,2014,博罗,广汕公路,23.1563,广东省,7031.0,惠州市,
江北滨江区,惠州,441300,惠城区,,,润宇华庭,江北街道办事处,润宇华庭,114.415,2014,惠城,富民路2号,23.1188,广东省,15999.0,惠州市,
南部新城,惠州,441300,惠城区,,,合立方新界,,合立方新界,114.427,2012,惠城,演达四路,23.0555,广东省,8840.0,惠州市,
麦地东,惠州,441300,惠城区,,麦地社区居委会,南电苑,桥西街道办事处,南电苑,114.413,1998,惠城,绿湖街3号,23.0725,广东省,6923.0,惠州市,
龙丰,惠州,441300,惠城区,,,明发高榜新城,龙丰街道办事处,明发高榜新城,114.363,2017,惠城,永联路5号,23.0987,广东省,8799.0,惠州市,
惠环,惠州,441300,仲恺高新区,,,瑞泰幸福里,惠环街道办事处,瑞泰幸福里,114.357,2015,惠城,惠风三路,23.0342,广东省,9041.0,惠州市,
花边岭,惠州,441300,惠城区,,花边岭社区居委会,世纪铂爵,桥西街道办事处,世纪铂爵,114.421,2011,惠城,演达一路,23.0774,广东省,12653.0,惠州市,
下角,惠州,441300,惠城区,,下角村民委员会,机械厂宿舍,江南街道办事处,机械厂宿舍,114.401,0,惠城,禾糖街,23.1123,广东省,5800.0,惠州市,
下角,惠州,441300,惠城区,,下角村民委员会,惠阳机械厂小区,江南街道办事处,惠阳机械厂小区,114.402,1999,惠城,下角中路26号,23.1103,广东省,5935.0,惠州市,
龙丰,惠州,441300,惠城区,,,光彩综合楼,龙丰街道办事处,光彩综合楼,114.394,0,惠城,河坑路21号,23.08,广东省,4500.0,惠州市,
南坛,惠州,441300,惠城区,,南坛社区居委会,水利局宿舍,桥西街道办事处,水利局宿舍,114.414,0,惠城,南坛龙船街,23.0893,广东省,6632.0,惠州市,
下角,惠州,441300,惠城区,,下角村民委员会,下角农机厂宿舍,江南街道办事处,下角农机厂宿舍,114.398,0,惠城,下角中路67号,23.1147,广东省,4117.0,惠州市,
中心区,惠州,441300,惠阳区,,,金沙世纪城,,金沙世纪城,114.534,2016,惠阳,中兴三路6号,22.7474,广东省,11786.0,惠州市,
花边岭,惠州,441300,惠城区,,花边岭社区居委会,乐泰楼,桥西街道办事处,乐泰楼,114.413,1998,惠城,麦地南路5-43号,23.0768,广东省,5312.0,惠州市,
西湖风景区,惠州,441300,惠城区,,,汽运新村一号小区,,汽运新村1号小区,114.399,0,惠城,龙丰龙西街10号,23.087,广东省,6435.0,惠州市,
陈江,惠州,441300,仲恺高新区,,,华清园,陈江街道办事处,华清园,114.321,0,惠城,陈江大道南路,23.0134,广东省,8900.0,惠州市,
中心区,惠州,441300,惠阳区,,,德丰凯旋城,,德丰凯旋城,114.53,2015,惠阳,中兴北路,22.7529,广东省,9541.0,惠州市,凯旋城
中心区,惠州,441300,惠阳区,,,富航苑,,富航苑,114.549,2014,惠阳,中兴五路26号,22.7566,广东省,8326.0,惠州市,
南站新城,惠州,441300,惠阳区,,,雅博世纪广场,,雅博世纪广场,114.481,2013,惠阳,开城大道南163号,22.7806,广东省,10217.0,惠州市,
淡水西,惠州,441300,惠阳区,,,润丰四季,淡水街道办事处,润丰4季,114.479,0,惠阳,龙山七路,22.7622,广东省,9456.0,惠州市,
江北中心区,惠州,441300,惠城区,,,和润家园,江北街道办事处,和润家园,114.433,0,惠城,新旺路38号,23.1335,广东省,13303.0,惠州市,
淡水中心区,惠州,441300,惠阳区,,,通惠花园,淡水街道办事处,通惠花园,114.46,0,惠阳,东华大道,22.7905,广东省,8372.0,惠州市,
花边岭,惠州,441300,惠城区,,花边岭社区居委会,丽日银座,桥西街道办事处,丽日银座,114.419,2013,惠城,花边南路,23.0807,广东省,15131.0,惠州市,
江北中心区,惠州,441300,惠城区,,,银座国际,江北街道办事处,银座国际,114.426,2011,惠城,惠州大道江北段128号,23.1306,广东省,12096.0,惠州市,
水口,惠州,441300,惠城区,,,华乐红,水口街道办事处,华乐红,114.478,2012,惠城,惠泽大道,23.1079,广东省,11635.0,惠州市,
淡水中心区,惠州,441300,惠阳区,,,中央国墅园,淡水街道办事处,中央国墅园,114.452,2014,惠阳,金惠大道,22.7862,广东省,8208.0,惠州市,
博罗体育中心,惠州,441300,博罗县,,,雍华庭,,雍华庭,114.295,2012,博罗,罗阳二路,23.1868,广东省,8708.0,惠州市,
澳头,惠州,441300,大亚湾区,,,海岸新天地,澳头办事处,海岸新天地,114.535,2012,惠阳,新澳大道,22.7312,广东省,8431.0,惠州市,
西区,惠州,441300,大亚湾区,,,秋谷乐8街区,西区办事处,秋谷乐8街区,114.473,2012,惠阳,龙海三路,22.734,广东省,9463.0,惠州市,
经济开发区,惠州,441300,惠阳区,,,香山美墅,,香山美墅,114.51,2015,惠阳,205县道,22.9581,广东省,10515.0,惠州市,
霞涌,惠州,441300,大亚湾区,,,香海湾,霞涌办事处,香海湾,114.65,2012,惠阳,石化大道中,22.7731,广东省,7959.0,惠州市,
东湖花园,惠州,441300,惠城区,,东湖社区居委会,东湖花园零号小区东湖苑,桥东街道办事处,东湖花园0号小区东湖苑,114.431,2006,惠城,东湖路,23.0876,广东省,10438.0,惠州市,
东平北,惠州,441300,惠城区,,东平村民委员会,华宇新天大厦,桥东街道办事处,华宇新天大厦,114.427,2013,惠城,桃子园51号,23.0912,广东省,13960.0,惠州市,
小金口,惠州,441300,惠城区,,,铁路家属区,小金口街道办事处,铁路家属区,114.422,1995,惠城,站前一路,23.1618,广东省,6412.0,惠州市,
淡水西,惠州,441300,惠阳区,,,万祥豪苑,淡水街道办事处,万祥豪苑,114.438,2011,惠阳,金惠大道,22.7808,广东省,11624.0,惠州市,
南站新城,惠州,441300,惠阳区,,,枫璟丽园,,枫璟丽园,114.487,2013,惠阳,星河西六路,22.7804,广东省,7294.0,惠州市,
石湾,惠州,441300,博罗县,,,一品中央,石湾镇,1品中央,113.874,2011,博罗,宏明西路,23.1411,广东省,7291.0,惠州市,
经济开发区,惠州,441300,惠阳区,,,三和国际花园城,,3和国际花园城,114.493,2012,惠阳,御和路,22.8996,广东省,8837.0,惠州市,
柏塘,惠州,441300,博罗县,,,山水花园,柏塘镇,山水花园,114.399,2011,博罗,花园北路,23.5472,广东省,5859.0,惠州市,
陈江,惠州,441300,仲恺高新区,,,瑞麒一品阳光,陈江街道办事处,瑞麒1品阳光,114.345,0,惠城,和畅西二路18号,23.0186,广东省,7840.0,惠州市,
园洲,惠州,441300,博罗县,,,水岸香洲,园洲镇,水岸香洲,113.984,2010,博罗,香洲路,23.1387,广东省,7745.0,惠州市,
淡水西,惠州,441300,惠阳区,,,城市BOX,淡水街道办事处,城市BOX,114.457,2011,惠阳,白云二路,22.785,广东省,12613.0,惠州市,
西区,惠州,441300,大亚湾区,,,金碧蓝湾,西区办事处,金碧蓝湾,114.483,0,惠阳,开城大道南路,22.7764,广东省,11118.0,惠州市,
经济开发区,惠州,441300,惠阳区,,,丽山花园,,丽山花园,114.481,0,惠阳,惠南大道,22.9625,广东省,7235.0,惠州市,
中心区,惠州,441300,惠阳区,,,荣盛花语馨苑,,荣盛花语馨苑,114.551,2019,惠阳,龙华地产北侧道路,22.755,广东省,9996.0,惠州市,
龙溪,惠州,441300,博罗县,,,汇金广场,龙溪镇,汇金广场,114.118,0,博罗,龙桥大道1238号,23.1222,广东省,8151.0,惠州市,
淡水西,惠州,441300,惠阳区,,,龙海壹号,淡水街道办事处,龙海1号,114.473,2017,惠阳,龙海一路,22.7703,广东省,16471.0,惠州市,
陈江,惠州,441300,仲恺高新区,,,金升楼,陈江街道办事处,金升楼,114.32,2016,惠城,五一大道,23.0238,广东省,4400.0,惠州市,
澳头,惠州,441300,大亚湾区,,,花香四季雅苑,澳头办事处,花香4季雅苑,114.524,2015,惠阳,新澳大道,22.7387,广东省,7290.0,惠州市,
水口,惠州,441300,惠城区,,,美丽洲花园,水口街道办事处,美丽洲花园,114.47,0,惠城,惠州大道,23.0812,广东省,10658.0,惠州市,
西区,惠州,441300,大亚湾区,,,缤纷TOWN,西区办事处,缤纷TOWN,114.473,2016,惠阳,石化大道,22.7473,广东省,11020.0,惠州市,
江北滨江区,惠州,441300,惠城区,,,保利达江湾南岸,江北街道办事处,保利达江湾南岸,114.443,2013,惠城,沿江路8号,23.1195,广东省,18410.0,惠州市,达江湾南岸
澳头,惠州,441300,大亚湾区,,,金港1号,澳头办事处,金港1号,114.54,2016,惠阳,中兴中路,22.7324,广东省,9324.0,惠州市,
澳头,惠州,441300,大亚湾区,,,泰达红树湾,澳头办事处,泰达红树湾,114.54,2016,惠阳,中兴中路74号,22.7359,广东省,8037.0,惠州市,
大湖溪,惠州,441300,惠城区,,湖溪社区居委会,阳光新苑,水口街道办事处,阳光新苑,114.463,2016,惠城,人民南四路17号,23.1052,广东省,10673.0,惠州市,
水口,惠州,441300,惠城区,,,汇德华府,水口街道办事处,汇德华府,114.468,2010,惠城,龙湖大道,23.125,广东省,9556.0,惠州市,
澳头,惠州,441300,大亚湾区,,,德安华府,澳头办事处,德安华府,114.533,2015,惠阳,洗马湖路,22.7221,广东省,11008.0,惠州市,
南站新城,惠州,441300,惠阳区,,,锦上花,,锦上花,114.474,0,惠阳,中山二路4号,22.7889,广东省,9623.0,惠州市,
巽寮,惠州,441300,惠东县,,,享海1777,巺寮滨海旅游渡假区管理委员会,享海1777,114.914,2018,惠东,东头公路129号,22.6094,广东省,17226.0,惠州市,
小金口,惠州,441300,惠城区,,,中信汤泉度假村,小金口街道办事处,中信汤泉度假村,114.376,2016,惠城,惠州大道298号,23.2082,广东省,19925.0,惠州市,汤泉度假村
江北滨江区,惠州,441300,惠城区,,,日昇昌天誉,江北街道办事处,日昇昌天誉,114.414,2016,惠城,文华二路,23.1203,广东省,14062.0,惠州市,
金山湖,惠州,441300,惠城区,,,江湾公馆,河南岸街道办事处,江湾公馆,114.438,2012,惠城,白泥路,23.0761,广东省,15979.0,惠州市,
惠环,惠州,441300,仲恺高新区,,,口岸外商公寓,惠环街道办事处,口岸外商公寓,114.361,2007,惠城,惠风二路,23.0255,广东省,5462.0,惠州市,
平山,惠州,441300,惠东县,,,沣盛帝景,平山街道办事处,沣盛帝景,114.717,2015,惠东,河南路,22.9747,广东省,7829.0,惠州市,
惠环,惠州,441300,仲恺高新区,,,天健阳光花园,惠环街道办事处,天健阳光花园,114.363,2017,惠城,惠台路,23.0162,广东省,8150.0,惠州市,
石湾,惠州,441300,博罗县,,,现代华府,石湾镇,现代华府,113.904,2015,博罗,石湾大道,23.1566,广东省,7307.0,惠州市,
商业东街,惠州,441300,博罗县,,,鹏辉花园,,鹏辉花园,114.301,0,博罗,商业东街,23.1738,广东省,6002.0,惠州市,
北门窑下,惠州,441300,博罗县,,,怡安苑,,怡安苑,114.286,0,博罗,人民路,23.174,广东省,4144.0,惠州市,
博罗体育中心,惠州,441300,博罗县,,,群富花园,,群富花园,114.283,2010,博罗,罗埔一路60号,23.1792,广东省,5291.0,惠州市,
西区,惠州,441300,大亚湾区,,,大悦财富城,西区办事处,大悦财富城,114.495,0,惠阳,龙海三路,22.7349,广东省,8238.0,惠州市,
淡水中心区,惠州,441300,惠阳区,,,嘉兴苑,淡水街道办事处,嘉兴苑,114.467,2010,惠阳,永兴路,22.8187,广东省,8838.0,惠州市,
淡水西,惠州,441300,惠阳区,,,南宝大厦,淡水街道办事处,南宝大厦,114.436,2009,惠阳,坑兴发路,22.7835,广东省,8192.0,惠州市,
龙丰,惠州,441300,惠城区,,,佳兆业1号花园,龙丰街道办事处,佳兆业1号花园,114.397,2017,惠城,古塘坳路,23.0582,广东省,11193.0,惠州市,1号花园
下角,惠州,441300,惠城区,,下角村民委员会,江南丽苑二期,江南街道办事处,江南丽苑2期,114.405,2005,惠城,江边路33号,23.1118,广东省,11633.0,惠州市,江南丽苑
龙光德州城,惠州,441300,惠阳区,,,德州城,,德州城,114.429,2008,惠阳,龙山一路61号,22.7565,广东省,11496.0,惠州市,
惠环,惠州,441300,仲恺高新区,,,壹号公馆,惠环街道办事处,1号公馆,114.369,2018,惠城,松阳路6号,23.0437,广东省,9709.0,惠州市,
惠环,惠州,441300,仲恺高新区,,,双城君,惠环街道办事处,双城君,114.354,2018,惠城,华星路75号,23.0362,广东省,15426.0,惠州市,
长宁,惠州,441300,博罗县,,,罗浮新城,长宁镇,罗浮新城,114.057,0,博罗,罗浮大道,23.2155,广东省,7592.0,惠州市,
麦地西,惠州,441300,惠城区,,麦地社区居委会,南山公馆二期,桥西街道办事处,南山公馆2期,114.399,2010,惠城,鹅岭南路45号,23.0763,广东省,10885.0,惠州市,南山公馆
龙丰,惠州,441300,惠城区,,,金迪星苑八期,龙丰街道办事处,金迪星苑8期,114.398,2008,惠城,金榜路,23.0623,广东省,11029.0,惠州市,金迪星苑
龙丰,惠州,441300,惠城区,,,金迪星苑七期,龙丰街道办事处,金迪星苑7期,114.397,2008,惠城,金榜路,23.0615,广东省,10713.0,惠州市,金迪星苑
长宁,惠州,441300,博罗县,,,岭南雅苑,长宁镇,岭南雅苑,114.051,2012,博罗,罗浮路91号,23.2188,广东省,6043.0,惠州市,
龙门,惠州,441300,龙门县,,,富力南昆山温泉养生谷,,富力南昆山温泉养生谷,114.016,2015,龙门,广河高速,23.5883,广东省,9484.0,惠州市,南昆山温泉养生谷
龙门,惠州,441300,龙门县,,,碧桂园南昆大观,,碧桂园南昆大观,114.036,0,龙门,119省道,23.6184,广东省,13740.0,惠州市,南昆大观
罗阳,惠州,441300,博罗县,,,半山豪庭,罗阳镇,半山豪庭,114.313,2013,博罗,商业东街,23.178,广东省,8462.0,惠州市,
西区,惠州,441300,大亚湾区,,,创富豪庭,西区办事处,创富豪庭,114.473,2017,惠阳,龙山六路12号,22.7331,广东省,11582.0,惠州市,
大湖溪,惠州,441300,惠城区,,湖溪社区居委会,家好花苑,水口街道办事处,家好花苑,114.46,2008,惠城,湖溪大道,23.1,广东省,7774.0,惠州市,
大湖溪,惠州,441300,惠城区,,湖溪社区居委会,大湖星城,水口街道办事处,大湖星城,114.457,0,惠城,湖溪大道,23.0922,广东省,7571.0,惠州市,
西区,惠州,441300,大亚湾区,,,伴山园,西区办事处,伴山园,114.473,0,惠阳,龙山六路,22.7413,广东省,8257.0,惠州市,
东平北,惠州,441300,惠城区,,东平村民委员会,蓝湾逸居,桥东街道办事处,蓝湾逸居,114.425,2013,惠城,盐仓街58号,23.0917,广东省,12683.0,惠州市,
淡水西,惠州,441300,惠阳区,,,虹桥大厦,淡水街道办事处,虹桥大厦,114.467,1997,惠阳,承修三路,22.7853,广东省,4629.0,惠州市,
东湖花园,惠州,441300,惠城区,,东湖社区居委会,龙湖小区,桥东街道办事处,龙湖小区,114.431,0,惠城,东湖中路29号,23.0888,广东省,6171.0,惠州市,
龙光德州城,惠州,441300,惠阳区,,,秋谷跃府,,秋谷跃府,114.435,2018,惠阳,石化大道西,22.7499,广东省,8429.0,惠州市,
南站新城,惠州,441300,惠阳区,,,中信新城,,中信新城,114.5,2014,惠阳,白云路,22.8164,广东省,11026.0,惠州市,
罗阳,惠州,441300,博罗县,,,榕苑花园,罗阳镇,榕苑花园,114.292,0,博罗,商业中街178号,23.1716,广东省,5264.0,惠州市,
北门窑下,惠州,441300,博罗县,,,世纪新苑,,世纪新苑,114.283,2015,博罗,文广路125号,23.1721,广东省,7053.0,惠州市,
新墟,惠州,441300,惠阳区,,,牧云溪谷,新圩镇,牧云溪谷,114.332,2018,惠阳,长山路,22.8137,广东省,14626.0,惠州市,
商业东街,惠州,441300,博罗县,,,惠德园,,惠德园,114.302,0,博罗,商业东街,23.1748,广东省,4956.0,惠州市,
麦地西,惠州,441300,惠城区,,麦地社区居委会,龙丰科肚一号小区,桥西街道办事处,龙丰科肚1号小区,114.404,0,惠城,花园水东路2号,23.0834,广东省,5553.0,惠州市,
澳头,惠州,441300,大亚湾区,,,华西星辉公馆,澳头办事处,华西星辉公馆,114.522,2017,惠阳,大亚湾大道7号,22.7393,广东省,11428.0,惠州市,
秋长沙田,惠州,441300,惠阳区,,,华悦顺祥花园,秋长街道办事处,华悦顺祥花园,114.444,2017,惠阳,迎宾路61号,22.8176,广东省,8869.0,惠州市,
江北中心区,惠州,441300,惠城区,,,唐宁公馆,江北街道办事处,唐宁公馆,114.431,0,惠城,新沥路36号,23.1319,广东省,15451.0,惠州市,
石湾,惠州,441300,博罗县,,,双城峰景,石湾镇,双城峰景,113.893,2017,博罗,兴业大道,23.1383,广东省,8317.0,惠州市,
东江新城,惠州,441300,仲恺高新区,,东江村民委员会,文岭西堤,陈江街道办事处,文岭西堤,114.454,2017,惠城,旭日路2号,23.0761,广东省,15562.0,惠州市,
淡水中心区,惠州,441300,惠阳区,,,百顺名居,淡水街道办事处,百顺名居,114.457,0,惠阳,上湖西街,22.7874,广东省,10811.0,惠州市,
江北中心区,惠州,441300,惠城区,,,茶花小居,江北街道办事处,茶花小居,114.431,2007,惠城,新沥路9号,23.1229,广东省,6783.0,惠州市,
河南岸,惠州,441300,惠城区,,,风华阁,河南岸街道办事处,风华阁,114.429,0,惠城,南岸路,23.0697,广东省,7750.0,惠州市,
龙丰,惠州,441300,惠城区,,,富锦鑫群府,龙丰街道办事处,富锦鑫群府,114.375,0,惠城,共联路,23.0965,广东省,9704.0,惠州市,
南站新城,惠州,441300,惠阳区,,,富丽楼,,富丽楼,114.482,1990,惠阳,惠康东路一巷,22.7848,广东省,5139.0,惠州市,
麦地东,惠州,441300,惠城区,,麦地社区居委会,浩盛商住楼,桥西街道办事处,浩盛商住楼,114.419,0,惠城,花边南路45-12号,23.069,广东省,11538.0,惠州市,
惠环,惠州,441300,仲恺高新区,,,华裕居,惠环街道办事处,华裕居,114.364,0,惠城,仲恺大道21号,23.0301,广东省,8943.0,惠州市,
龙丰,惠州,441300,惠城区,,,怀清廷院嘉清阁,龙丰街道办事处,怀清廷院嘉清阁,114.393,0,惠城,上排路11号,23.082,广东省,9767.0,惠州市,
东平北,惠州,441300,惠城区,,东平村民委员会,惠州市人民医院东怡楼宿舍,桥东街道办事处,惠州市人民医院东怡楼宿舍,114.438,0,惠城,环岛二路,23.1003,广东省,10645.0,惠州市,
江北新区,惠州,441300,惠城区,,,润城双壁湾,江北街道办事处,润城双壁湾,114.363,2016,惠城,惠博大道466号,23.1532,广东省,11178.0,惠州市,
下角,惠州,441300,惠城区,,下角村民委员会,凌湖轩,江南街道办事处,凌湖轩,114.396,2009,惠城,新村路,23.1127,广东省,9285.0,惠州市,
麦地西,惠州,441300,惠城区,,麦地社区居委会,龙丰科肚五号小区,桥西街道办事处,龙丰科肚5号小区,114.403,0,惠城,龙景街,23.0804,广东省,5764.0,惠州市,
下埔,惠州,441300,惠城区,,下埔社区居委会,龙珠楼,桥西街道办事处,龙珠楼,114.423,0,惠城,麦地路75-18号,23.0846,广东省,5656.0,惠州市,
西区,惠州,441300,大亚湾区,,,秋谷南迪苑,西区办事处,秋谷南迪苑,114.473,0,惠阳,龙海三路,22.7342,广东省,9401.0,惠州市,
中心区,惠州,441300,惠阳区,,,湾畔福邸,,湾畔福邸,114.551,0,惠阳,石化大道,22.747,广东省,7480.0,惠州市,
下埔,惠州,441300,惠城区,,下埔社区居委会,下埔五号小区,桥西街道办事处,下埔5号小区,114.419,0,惠城,北二街,23.0877,广东省,6196.0,惠州市,
南坛,惠州,441300,惠城区,,南坛社区居委会,新东方大厦,桥西街道办事处,新东方大厦,114.417,0,惠城,花边北路9号,23.0838,广东省,14873.0,惠州市,
澳头,惠州,441300,大亚湾区,,,亚迪二村,澳头办事处,亚迪2村,114.537,0,惠阳,大涌路,22.7165,广东省,8496.0,惠州市,
麦地西,惠州,441300,惠城区,,麦地社区居委会,怡和金岭苑,桥西街道办事处,怡和金岭苑,114.4,0,惠城,仲恺大道惠环段9号,23.0731,广东省,7554.0,惠州市,
龙丰,惠州,441300,惠城区,,,永康楼,龙丰街道办事处,永康楼,114.395,0,惠城,沙下路,23.0834,广东省,4453.0,惠州市,
河南岸,惠州,441300,惠城区,,,永明楼,河南岸街道办事处,永明楼,114.426,0,惠城,斑樟湖一横街1巷14号,23.0839,广东省,10370.0,惠州市,
平山,惠州,441300,惠东县,,,碧湖花园,平山街道办事处,碧湖花园,114.737,2008,惠东,通园街33号,22.9836,广东省,7750.0,惠州市,
商业东街,惠州,441300,博罗县,,,电力苑,,电力苑,114.297,1997,博罗,建设路151号,23.1761,广东省,4162.0,惠州市,
南部新城,惠州,441300,惠城区,,,东江学府三期,,东江学府3期,114.443,2013,惠城,体育南路,23.0314,广东省,14122.0,惠州市,东江学府
东湖花园,惠州,441300,惠城区,,东湖社区居委会,东平瑶头新村,桥东街道办事处,东平瑶头新村,114.44,0,惠城,东湖西路,23.0931,广东省,6000.0,惠州市,
平山,惠州,441300,惠东县,,,海悦花园,平山街道办事处,海悦花园,114.724,0,惠东,河南路,22.9713,广东省,6446.0,惠州市,
淡水西,惠州,441300,惠阳区,,,翰林楼,淡水街道办事处,翰林楼,114.458,2011,惠阳,南湖北路32号,22.7831,广东省,8041.0,惠州市,
龙门,惠州,441300,龙门县,,,豪源楼,,豪源楼,114.266,0,龙门,太平新路,23.7387,广东省,7954.0,惠州市,
平山,惠州,441300,惠东县,,,好顺景小区,平山街道办事处,好顺景小区,114.725,0,惠东,滨源路,22.9737,广东省,6064.0,惠州市,
商业东街,惠州,441300,博罗县,,,恒康花园,,恒康花园,114.299,0,博罗,中园四路,23.1755,广东省,4113.0,惠州市,
平山,惠州,441300,惠东县,,,华景花苑,平山街道办事处,华景花苑,114.715,2006,惠东,侨胜南路49号,22.982,广东省,7817.0,惠州市,
平山,惠州,441300,惠东县,,,华馨苑,平山街道办事处,华馨苑,114.725,0,惠东,滨源路,22.9734,广东省,6300.0,惠州市,
东平北,惠州,441300,惠城区,,东平村民委员会,黄家塘,桥东街道办事处,黄家塘,114.427,0,惠城,黄家塘街,23.0947,广东省,5727.0,惠州市,
平山,惠州,441300,惠东县,,,惠东金河湾花园二期上游风尚,平山街道办事处,惠东金河湾花园2期上游风尚,114.726,2014,惠东,莲花西路,22.9988,广东省,8122.0,惠州市,惠东金河湾花园 惠东金河湾花园上游风尚 上游风尚
平山,惠州,441300,惠东县,,,惠峰花园,平山街道办事处,惠峰花园,114.738,2008,惠东,|长排街,22.9886,广东省,3800.0,惠州市,
平山,惠州,441300,惠东县,,,惠景花园,平山街道办事处,惠景花园,114.732,2002,惠东,松子岭91号,22.9906,广东省,5000.0,惠州市,
江北中心区,惠州,441300,惠城区,,,金宝云山花园二期,江北街道办事处,金宝云山花园2期,114.429,1995,惠城,花园路11号,23.1222,广东省,9106.0,惠州市,云山花园2期 云山花园 金宝云山花园
平山,惠州,441300,惠东县,,,金河湾花园,平山街道办事处,金河湾花园,114.724,2012,惠东,金塘路18号,22.9977,广东省,7367.0,惠州市,
河南岸,惠州,441300,惠城区,,,金山湖花园2区,河南岸街道办事处,金山湖花园2区,114.434,2012,惠城,环湖三路,23.0665,广东省,16284.0,惠州市,金山湖花园
龙门,惠州,441300,龙门县,,,金叶花园,,金叶花园,114.28,2001,龙门,环城东路,23.727,广东省,7703.0,惠州市,
石湾,惠州,441300,博罗县,,,康居花园,石湾镇,康居花园,113.87,0,博罗,历山路1号,23.1298,广东省,6707.0,惠州市,
龙光德州城,惠州,441300,惠阳区,,,龙光东部曦城,,龙光东部曦城,114.422,0,惠阳,西南大道,22.7239,广东省,11603.0,惠州市,东部曦城
长宁,惠州,441300,博罗县,,,罗浮天赋,长宁镇,罗浮天赋,114.116,2012,博罗,水库道路,23.2572,广东省,7000.0,惠州市,
河南岸,惠州,441300,惠城区,,,螺子湖三号小区,河南岸街道办事处,螺子湖3号小区,114.423,0,惠城,螺子湖北街55号,23.0788,广东省,7860.0,惠州市,
博罗体育中心,惠州,441300,博罗县,,,绿雅苑,,绿雅苑,114.281,0,博罗,工业大道,23.189,广东省,7500.0,惠州市,
南站新城,惠州,441300,惠阳区,,,美华苑,,美华苑,114.48,0,惠阳,体育路,22.796,广东省,6380.0,惠州市,
平山,惠州,441300,惠东县,,,农机二厂宿舍区,平山街道办事处,农机2厂宿舍区,114.725,0,惠东,乌坭山2巷24-29号,22.9843,广东省,3900.0,惠州市,
园洲,惠州,441300,博罗县,,,农信花园,园洲镇,农信花园,113.969,0,博罗,北门路,23.1321,广东省,4629.0,惠州市,
平山,惠州,441300,惠东县,,,侨城水岸,平山街道办事处,侨城水岸,114.711,2013,惠东,侨盛南路,22.9801,广东省,9444.0,惠州市,
罗阳,惠州,441300,博罗县,,,榕城新苑,罗阳镇,榕城新苑,114.293,0,博罗,塘滩路45号,23.1676,广东省,6136.0,惠州市,
平山,惠州,441300,惠东县,,,山水豪庭,平山街道办事处,山水豪庭,114.74,2011,惠东,象棋路56号,22.9727,广东省,9213.0,惠州市,
园洲,惠州,441300,博罗县,,,盛园华府,园洲镇,盛园华府,113.988,2010,博罗,秀丽路,23.1285,广东省,7126.0,惠州市,
石湾,惠州,441300,博罗县,,,世纪花园,石湾镇,世纪花园,113.869,2015,博罗,历山路,23.1279,广东省,6725.0,惠州市,
北门窑下,惠州,441300,博罗县,,,滕岭文明小区,,滕岭文明小区,114.285,0,博罗,人民路,23.1762,广东省,4953.0,惠州市,
南坛,惠州,441300,惠城区,,南坛社区居委会,天鹰大厦,桥西街道办事处,天鹰大厦,114.413,0,惠城,南坛东路5号,23.0877,广东省,11328.0,惠州市,
南站新城,惠州,441300,惠阳区,,,仙井楼,,仙井楼,114.481,0,惠阳,幸福一路,22.7966,广东省,5467.0,惠州市,
南站新城,惠州,441300,惠阳区,,,兴业楼,,兴业楼,114.481,0,惠阳,长兴路,22.7913,广东省,6086.0,惠州市,
平山,惠州,441300,惠东县,,,兴银小区,平山街道办事处,兴银小区,114.722,2011,惠东,大新街,22.9916,广东省,5263.0,惠州市,
商业东街,惠州,441300,博罗县,,,雅安阁小区,,雅安阁小区,114.297,0,博罗,中园四路18号,23.175,广东省,4531.0,惠州市,
北门窑下,惠州,441300,博罗县,,,怡苑花园,,怡苑花园,114.292,0,博罗,光明路1-3号,23.1748,广东省,3166.0,惠州市,
黄埠,惠州,441300,惠东县,,,雍翠园,黄埠镇,雍翠园,114.935,2003,惠东,广汕路133号,22.8182,广东省,8240.0,惠州市,
长宁,惠州,441300,博罗县,,,中港城,长宁镇,中港城,113.994,2015,博罗,广汕路,23.2231,广东省,11504.0,惠州市,
惠阳东,惠州,441300,惠阳区,,,碧桂园山河城(别墅),,碧桂园山河城(别墅),114.52,2011,惠阳,三和大道,22.8919,广东省,11714.0,惠州市,碧桂园山河城 山河城
巽寮,惠州,441300,惠东县,,,檀悦都喜天丽度假酒店,巺寮滨海旅游渡假区管理委员会,檀悦都喜天丽度假酒店,114.918,2019,惠东,213县道,22.6157,广东省,18160.0,惠州市,
澳头,惠州,441300,大亚湾区,,,东方新天地,澳头办事处,东方新天地,114.539,2011,惠阳,中兴中路1号,22.729,广东省,7426.0,惠州市,
霞涌,惠州,441300,大亚湾区,,,华润小径湾,霞涌办事处,华润小径湾,114.703,0,惠阳,石化大道东,22.7978,广东省,16281.0,惠州市,小径湾
巽寮,惠州,441300,惠东县,,,富茂威尼斯湾,巺寮滨海旅游渡假区管理委员会,富茂威尼斯湾,114.839,0,惠东,210县道,22.7953,广东省,9578.0,惠州市,
新墟,惠州,441300,惠阳区,,,牧云溪谷(别墅),新圩镇,牧云溪谷(别墅),114.332,2018,惠阳,长山路,22.8137,广东省,25524.0,惠州市,牧云溪谷
淡水中心区,惠州,441300,惠阳区,,,半岛1号三期(别墅),淡水街道办事处,半岛1号3期(别墅),114.443,2012,惠阳,滨河北路,22.806,广东省,15314.0,惠州市,半岛1号3期 半岛1号
淡水中心区,惠州,441300,惠阳区,,,半岛1号五期(别墅),淡水街道办事处,半岛1号5期(别墅),114.445,2012,惠阳,北环路,22.8082,广东省,15053.0,惠州市,半岛1号5期 半岛1号
园洲,惠州,441300,博罗县,,,东江华庭(别墅),园洲镇,东江华庭(别墅),113.981,2008,博罗,兴园四路,23.1242,广东省,8487.0,惠州市,东江华庭
江北中心区,惠州,441300,惠城区,,,鼎峰国汇山(别墅),江北街道办事处,鼎峰国汇山(别墅),114.444,2017,惠城,惠民大道,23.1324,广东省,25205.0,惠州市,鼎峰国汇山
龙门,惠州,441300,龙门县,,,保利锦里(别墅),,保利锦里(别墅),113.997,2016,龙门,增马路,23.5748,广东省,14431.0,惠州市,保利锦里
龙门,惠州,441300,龙门县,,,紫来龙庭山庄(别墅),,紫来龙庭山庄(别墅),114.037,2015,龙门,119省道,23.6186,广东省,12126.0,惠州市,紫来龙庭山庄
西区,惠州,441300,大亚湾区,,,卓越东部蔚蓝海岸(别墅),西区办事处,卓越东部蔚蓝海岸(别墅),114.452,2017,惠阳,石化大道西66号,22.7527,广东省,17385.0,惠州市,卓越东部蔚蓝海岸
南站新城,惠州,441300,惠阳区,,,中信新城(别墅),,中信新城(别墅),114.5,2014,惠阳,白云路,22.8164,广东省,16133.0,惠州市,中信新城
巽寮,惠州,441300,惠东县,,,享海1777(别墅),巺寮滨海旅游渡假区管理委员会,享海1777(别墅),114.914,0,惠东,东头公路129号,22.6094,广东省,40268.0,惠州市,享海1777
经济开发区,惠州,441300,惠阳区,,,乡墅惠阳振业城(别墅),,乡墅惠阳振业城(别墅),114.473,2013,惠阳,惠南大道,22.8672,广东省,16025.0,惠州市,乡墅惠阳振业城
下角,惠州,441300,惠城区,,下角村民委员会,景亿凤凰谷(别墅),江南街道办事处,景亿凤凰谷(别墅),114.39,0,惠城,丰山路36号,23.1043,广东省,17123.0,惠州市,景亿凤凰谷
水口,惠州,441300,惠城区,,,鸿升世纪东方城(别墅),水口街道办事处,鸿升世纪东方城(别墅),114.473,2009,惠城,惠泽大道,23.1077,广东省,14787.0,惠州市,鸿升世纪东方城
黄埠,惠州,441300,惠东县,,,碧桂园九龙湾(别墅),黄埠镇,碧桂园9龙湾(别墅),114.955,2018,惠东,广场路19号,22.7499,广东省,15730.0,惠州市,碧桂园9龙湾 9龙湾
经济开发区,惠州,441300,惠阳区,,,金果湾,,金果湾,114.393,2012,惠阳,惠莞高速,22.9463,广东省,9495.0,惠州市,
金山湖,惠州,441300,惠城区,,,泰丰千花岛(别墅),河南岸街道办事处,泰丰千花岛(别墅),114.44,2017,惠城,环湖一路,23.0669,广东省,36549.0,惠州市,泰丰千花岛
大湖溪,惠州,441300,惠城区,,湖溪社区居委会,海伦堡海伦湾(别墅),水口街道办事处,海伦堡海伦湾(别墅),114.451,2018,惠城,惠州大道,23.0997,广东省,15432.0,惠州市,海伦湾 海伦堡海伦湾
澳头,惠州,441300,大亚湾区,,,海伦堡爱ME城市(别墅),澳头办事处,海伦堡爱ME城市(别墅),114.534,2016,惠阳,教育路,22.7245,广东省,15447.0,惠州市,爱ME城市 海伦堡爱ME城市
罗阳,惠州,441300,博罗县,,,恒福山语海,罗阳镇,恒福山语海,114.306,2020,博罗,滨江中路,23.1681,广东省,8164.0,惠州市,山语海
巽寮,惠州,441300,惠东县,,,金融街海世界,巺寮滨海旅游渡假区管理委员会,金融街海世界,114.76,0,惠东,金海湾大道,22.6863,广东省,13983.0,惠州市,
江北滨江区,惠州,441300,惠城区,,,21克拉,江北街道办事处,21克拉,114.435,2012,惠城,云山东路26号,23.1189,广东省,15784.0,惠州市,
平山,惠州,441300,惠东县,,,侨滨苑,平山街道办事处,侨滨苑,114.719,0,惠东,新平大道,22.9729,广东省,6884.0,惠州市,
稔山,惠州,441300,惠东县,,,合生海角1号,稔山镇,合生海角1号,114.753,2017,惠东,长坑地段,22.7843,广东省,10322.0,惠州市,
大湖溪,惠州,441300,惠城区,,湖溪社区居委会,大新城二期,水口街道办事处,大新城2期,114.466,2015,惠城,谭屋一路,23.1067,广东省,10805.0,惠州市,大新城
平山,惠州,441300,惠东县,,,波士顿亨信大厦,平山街道办事处,波士顿亨信大厦,114.721,2015,惠东,新平大道,22.9781,广东省,7037.0,惠州市,
稔山,惠州,441300,惠东县,,,碧桂园十里银滩浅水湾,稔山镇,碧桂园十里银滩浅水湾,114.719,0,惠东,207县道38号,22.795,广东省,21985.0,惠州市,十里银滩浅水湾
稔山,惠州,441300,惠东县,,,碧桂园十里银滩爱琴海,稔山镇,碧桂园十里银滩爱琴海,114.73,0,惠东,207县道58号,22.7998,广东省,11177.0,惠州市,十里银滩爱琴海
稔山,惠州,441300,惠东县,,,碧桂园十里银滩海逸湾,稔山镇,碧桂园十里银滩海逸湾,114.744,0,惠东,石化大道东,22.7872,广东省,11266.0,惠州市,十里银滩海逸湾 碧桂园海逸湾 海逸湾
秋长沙田,惠州,441300,惠阳区,,,恒大棕榈岛,秋长街道办事处,恒大棕榈岛,114.441,2018,惠阳,高尔夫路,22.801,广东省,12653.0,惠州市,棕榈岛
陈江,惠州,441300,仲恺高新区,,,凯旋国际公寓,陈江街道办事处,凯旋国际公寓,113.243,2007,惠城,曙光路31号,23.4139,广东省,7124.0,惠州市,
惠阳东,惠州,441300,惠阳区,,,碧桂园润杨溪谷,,碧桂园润杨溪谷,114.54,2013,惠阳,深汕高速,22.8463,广东省,12002.0,惠州市,润杨溪谷
惠环,惠州,441300,仲恺高新区,,,凯尊公馆,惠环街道办事处,凯尊公馆,114.37,0,惠城,和畅二路,23.044,广东省,8650.0,惠州市,
平山,惠州,441300,惠东县,,,中通水岸(别墅),平山街道办事处,中通水岸(别墅),114.716,0,惠东,黄排河南,22.9756,广东省,10500.0,惠州市,中通水岸
大湖溪,惠州,441300,惠城区,,湖溪社区居委会,南贸花园三期,水口街道办事处,南贸花园3期,114.466,0,惠城,三环路东路,23.1059,广东省,10519.0,惠州市,南贸花园
惠环,惠州,441300,仲恺高新区,,,日月和科创大厦,惠环街道办事处,日月和科创大厦,114.352,0,惠城,和畅五路,23.0422,广东省,9213.0,惠州市,
金山湖,惠州,441300,惠城区,,,盛禾华府,河南岸街道办事处,盛禾华府,114.423,0,惠城,惠远路3号,23.0624,广东省,11740.0,惠州市,
平山,惠州,441300,惠东县,,,立晶花园,平山街道办事处,立晶花园,114.682,0,惠东,阳明路108号,22.9567,广东省,4067.0,惠州市,
龙门,惠州,441300,龙门县,,,家和十里水湾,,家和十里水湾,114.031,2017,龙门,233县道,23.4693,广东省,11380.0,惠州市,
龙门,惠州,441300,龙门县,,,龙之泉玉泉源庄(别墅),,龙之泉玉泉源庄(别墅),114.008,2016,龙门,"广河高速,近永麻路",23.5696,广东省,13110.0,惠州市,龙之泉玉泉源庄
江北滨江区,惠州,441300,惠城区,,,悦榕湾,江北街道办事处,悦榕湾,114.437,0,惠城,东江三路45号,23.1125,广东省,19861.0,惠州市,
南站新城,惠州,441300,惠阳区,,,裕华广场,,裕华广场,114.479,2005,惠阳,开城大道北45号,22.7937,广东省,10952.0,惠州市,
南坛,惠州,441300,惠城区,,南坛社区居委会,德赛丘屋塘,桥西街道办事处,德赛丘屋塘,114.417,1997,惠城,西堤二路10号,23.0845,广东省,13411.0,惠州市,
西区,惠州,441300,大亚湾区,,,新力上园,西区办事处,新力上园,114.489,0,惠阳,上杨二路,22.7708,广东省,12047.0,惠州市,
西区,惠州,441300,大亚湾区,,,博林腾瑞,西区办事处,博林腾瑞,114.475,2019,惠阳,龙山六路,22.7315,广东省,12257.0,惠州市,
江北中心区,惠州,441300,惠城区,,,景亿公馆,江北街道办事处,景亿公馆,114.232,2017,惠城,新旺路3号,22.979,广东省,10909.0,惠州市,
南站新城,惠州,441300,惠阳区,,,泰兴国际,,泰兴国际,114.481,2011,惠阳,开城大道中122号,22.7853,广东省,8546.0,惠州市,
水口,惠州,441300,惠城区,,,中骏雍景台,水口街道办事处,中骏雍景台,114.47,2018,惠城,惠州大道南一路,23.0849,广东省,10566.0,惠州市,
柏塘,惠州,441300,博罗县,,,雍东园,柏塘镇,雍东园,114.373,2017,博罗,锦绣路,23.3917,广东省,5206.0,惠州市,
惠环,惠州,441300,仲恺高新区,,,和泰倾城,惠环街道办事处,和泰倾城,114.357,2018,惠城,华星二路1号,23.0361,广东省,8553.0,惠州市,
龙丰,惠州,441300,惠城区,,,西城公馆,龙丰街道办事处,西城公馆,114.363,0,惠城,共联路29号,23.0896,广东省,9145.0,惠州市,
龙门,惠州,441300,龙门县,,,盛世泉说,,盛世泉说,114.006,2018,龙门,增龙路,23.5754,广东省,10695.0,惠州市,
博罗体育中心,惠州,441300,博罗县,,,碧华达花园,,碧华达花园,114.312,2016,博罗,怡景路192号,23.1887,广东省,6823.0,惠州市,
河南岸,惠州,441300,惠城区,,,花边岭东花园,河南岸街道办事处,花边岭东花园,114.415,0,惠城,演达路,23.0795,广东省,12303.0,惠州市,
水口,惠州,441300,惠城区,,,菁英领地,水口街道办事处,菁英领地,114.47,0,惠城,育才路90号,23.1131,广东省,8971.0,惠州市,
惠环,惠州,441300,仲恺高新区,,,金邦公园壹号,惠环街道办事处,金邦公园1号,114.359,2016,惠城,惠风七路,23.0488,广东省,9002.0,惠州市,
陈江,惠州,441300,仲恺高新区,,,昕景豪庭,陈江街道办事处,昕景豪庭,114.316,0,惠城,白云路北33号,23.0145,广东省,8288.0,惠州市,
河南岸,惠州,441300,惠城区,,,供电大院,河南岸街道办事处,供电大院,114.405,0,惠城,江菱路,23.1093,广东省,5952.0,惠州市,
河南岸,惠州,441300,惠城区,,,粮食局宿舍,河南岸街道办事处,粮食局宿舍,114.405,0,惠城,江边路一巷15号,23.1096,广东省,6493.0,惠州市,
河南岸,惠州,441300,惠城区,,,国兆嘉润大厦,河南岸街道办事处,国兆嘉润大厦,114.433,0,惠城,鸿昌路,23.0786,广东省,12711.0,惠州市,
陈江,惠州,441300,仲恺高新区,,,佳磊鹏程阁,陈江街道办事处,佳磊鹏程阁,114.323,0,惠城,仲恺六路,23.0019,广东省,8593.0,惠州市,
淡水西,惠州,441300,惠阳区,,,晶地里程花园,淡水街道办事处,晶地里程花园,114.457,0,惠阳,龙海一路,22.7699,广东省,11622.0,惠州市,
澳头,惠州,441300,大亚湾区,,,荣盛御景澜湾,澳头办事处,荣盛御景澜湾,114.528,2019,惠阳,新澳大道,22.7353,广东省,10788.0,惠州市,
长宁,惠州,441300,博罗县,,,罗浮万象,长宁镇,罗浮万象,114.166,2015,博罗,富裕大道,23.2474,广东省,4870.0,惠州市,
博罗体育中心,惠州,441300,博罗县,,,华泓四季花城,,华泓4季花城,114.323,2016,博罗,体育东街,23.1818,广东省,7642.0,惠州市,
龙门,惠州,441300,龙门县,,,依云四季,,依云4季,113.992,0,龙门,增龙路1号,23.5731,广东省,7321.0,惠州市,
惠环,惠州,441300,仲恺高新区,,,新力帝泊湾,惠环街道办事处,新力帝泊湾,114.372,0,惠城,和畅东六路,23.0206,广东省,8921.0,惠州市,
黄埠,惠州,441300,惠东县,,,吉城花园,黄埠镇,吉城花园,114.928,2018,惠东,乡道N01,22.8095,广东省,4722.0,惠州市,
淡水西,惠州,441300,惠阳区,,,雅郡公馆,淡水街道办事处,雅郡公馆,114.436,2018,惠阳,兴发路10号,22.7832,广东省,12464.0,惠州市,
淡水中心区,惠州,441300,惠阳区,,,鹏德名苑,淡水街道办事处,鹏德名苑,114.48,0,惠阳,人民六路,22.7758,广东省,11144.0,惠州市,
平山,惠州,441300,惠东县,,,碧桂园天麓山栖花园,平山街道办事处,碧桂园天麓山栖花园,114.757,2020,惠东,环城南路,22.9642,广东省,9969.0,惠州市,天麓山栖花园
南坛,惠州,441300,惠城区,,南坛社区居委会,长鹰大厦,桥西街道办事处,长鹰大厦,114.415,0,惠城,花边北路5号,23.0831,广东省,8000.0,惠州市,
西湖风景区,惠州,441300,惠城区,,,金带街20号小区,,金带街20号小区,114.411,0,惠城,金带街20号,23.0949,广东省,4600.0,惠州市,
惠环,惠州,441300,仲恺高新区,,,富丽嘉园,惠环街道办事处,富丽嘉园,114.355,2015,惠城,惠风二路36号,23.0218,广东省,9036.0,惠州市,
平山,惠州,441300,惠东县,,,中航维拉庄园,平山街道办事处,中航维拉庄园,114.746,2014,惠东,惠东大道,22.9568,广东省,11840.0,惠州市,
博罗体育中心,惠州,441300,博罗县,,,公爵小镇,,公爵小镇,114.346,2013,博罗,广汕公路,23.1891,广东省,7715.0,惠州市,
水口,惠州,441300,惠城区,,,宏新蜜糖小城,水口街道办事处,宏新蜜糖小城,114.474,2017,惠城,龙湖大道南369号,23.126,广东省,10925.0,惠州市,
经济开发区,惠州,441300,惠阳区,,,南国明珠,,南国明珠,114.364,2013,惠阳,惠台路,23.0138,广东省,8358.0,惠州市,
淡水中心区,惠州,441300,惠阳区,,,汇鑫花园,淡水街道办事处,汇鑫花园,114.465,0,惠阳,惠南大道,22.8324,广东省,7954.0,惠州市,
麦地西,惠州,441300,惠城区,,麦地社区居委会,松苑雅居,桥西街道办事处,松苑雅居,114.406,0,惠城,口岸路,23.0653,广东省,12840.0,惠州市,
陈江,惠州,441300,仲恺高新区,,,鑫月城,陈江街道办事处,鑫月城,114.33,2016,惠城,陈江大道中,23.0181,广东省,11006.0,惠州市,
博罗体育中心,惠州,441300,博罗县,,,馨领域,,馨领域,114.296,2013,博罗,罗阳大道,23.1869,广东省,5677.0,惠州市,
河南岸,惠州,441300,惠城区,,,新城花园,河南岸街道办事处,新城花园,114.429,0,惠城,白泥路3号,23.0712,广东省,10564.0,惠州市,
河南岸,惠州,441300,惠城区,,,河南岸水厂宿舍,河南岸街道办事处,河南岸水厂宿舍,114.426,0,惠城,嘴头街,23.0766,广东省,5625.0,惠州市,
江北滨江区,惠州,441300,惠城区,,,华贸铂金府,江北街道办事处,华贸铂金府,114.423,0,惠城,文昌一路,23.109,广东省,23143.0,惠州市,
东湖花园,惠州,441300,惠城区,,东湖社区居委会,珍珠苑,桥东街道办事处,珍珠苑,114.433,0,惠城,东湖三街,23.0909,广东省,6991.0,惠州市,
西湖风景区,惠州,441300,惠城区,,,城市印象,,城市印象,114.41,0,惠城,长寿路1号,23.0898,广东省,8543.0,惠州市,
下角,惠州,441300,惠城区,,下角村民委员会,湖畔花园,江南街道办事处,湖畔花园,114.399,1989,惠城,菱湖三路13号,23.1081,广东省,5838.0,惠州市,
江北滨江区,惠州,441300,惠城区,,,金宝江畔花园,江北街道办事处,金宝江畔花园,114.419,2001,惠城,文昌一路8号,23.108,广东省,15802.0,惠州市,江畔花园
下角,惠州,441300,惠城区,,下角村民委员会,怡美嘉园,江南街道办事处,怡美嘉园,114.397,0,惠城,下角中路51号,23.1136,广东省,6792.0,惠州市,
下角,惠州,441300,惠城区,,下角村民委员会,亚婆田小区,江南街道办事处,亚婆田小区,114.396,2008,惠城,青年路6号,23.1148,广东省,6704.0,惠州市,
江北中心区,惠州,441300,惠城区,,,国立美寓,江北街道办事处,国立美寓,114.423,2014,惠城,惠州大道,23.1318,广东省,7816.0,惠州市,
西区,惠州,441300,大亚湾区,,,百惠园,西区办事处,百惠园,114.464,0,惠阳,龙海三路,22.7352,广东省,8954.0,惠州市,
淡水西,惠州,441300,惠阳区,,,龙泉花园,淡水街道办事处,龙泉花园,114.439,0,惠阳,龙盛一路,22.7684,广东省,9666.0,惠州市,
西区,惠州,441300,大亚湾区,,,恒鑫御园,西区办事处,恒鑫御园,114.489,2016,惠阳,上杨二路,22.7699,广东省,9168.0,惠州市,
水口,惠州,441300,惠城区,,,鸿顺橙果,水口街道办事处,鸿顺橙果,114.478,2015,惠城,皇冠路10号,23.1051,广东省,11017.0,惠州市,
大湖溪,惠州,441300,惠城区,,湖溪社区居委会,泰富花苑,水口街道办事处,泰富花苑,114.457,0,惠城,龙湖一路,23.1028,广东省,9600.0,惠州市,
淡水西,惠州,441300,惠阳区,,,秋谷月半弯二期曦悦,淡水街道办事处,秋谷月半弯2期曦悦,114.465,2015,惠阳,石富路,22.7708,广东省,9182.0,惠州市,秋谷月半弯 秋谷月半弯曦悦
下角,惠州,441300,惠城区,,下角村民委员会,金榜花园,江南街道办事处,金榜花园,114.384,2013,惠城,莲花路,23.0946,广东省,10941.0,惠州市,
南站新城,惠州,441300,惠阳区,,,尚峰假日公馆,,尚峰假日公馆,114.482,0,惠阳,白云五路,22.8034,广东省,9545.0,惠州市,
江北中心区,惠州,441300,惠城区,,,华润御苑,江北街道办事处,华润御苑,114.434,2013,惠城,旺岗路28号,23.1282,广东省,12736.0,惠州市,
博罗体育中心,惠州,441300,博罗县,,,星岸城,,星岸城,114.339,2014,博罗,惠博大道,23.1631,广东省,7984.0,惠州市,
淡水中心区,惠州,441300,惠阳区,,,祥瑞大厦,淡水街道办事处,祥瑞大厦,114.465,2007,惠阳,人民四路,22.8007,广东省,8000.0,惠州市,
惠环,惠州,441300,仲恺高新区,,,光耀城市山谷,惠环街道办事处,光耀城市山谷,114.379,2011,惠城,仲恺大道,23.0434,广东省,9057.0,惠州市,城市山谷
江北中心区,惠州,441300,惠城区,,,华辉铭铸,江北街道办事处,华辉铭铸,114.43,0,惠城,新沥路,23.1294,广东省,13228.0,惠州市,
龙光德州城,惠州,441300,惠阳区,,,凯南莱弗城,,凯南莱弗城,114.441,2018,惠阳,龙海二路,22.7591,广东省,10084.0,惠州市,
淡水中心区,惠州,441300,惠阳区,,,华伟第E商道,淡水街道办事处,华伟第E商道,114.466,2012,惠阳,人民四路,22.7964,广东省,10439.0,惠州市,
淡水中心区,惠州,441300,惠阳区,,,东御大厦,淡水街道办事处,东御大厦,114.464,0,惠阳,人民四路76号,22.7993,广东省,10208.0,惠州市,
淡水西,惠州,441300,惠阳区,,,汇星名庭,淡水街道办事处,汇星名庭,114.46,2012,惠阳,南湖路,22.7809,广东省,10155.0,惠州市,
淡水西,惠州,441300,惠阳区,,,竣业鹏城里,淡水街道办事处,竣业鹏城里,114.439,0,惠阳,金惠大道,22.7812,广东省,10989.0,惠州市,
金山湖,惠州,441300,惠城区,,,山水华府,河南岸街道办事处,山水华府,114.432,2011,惠城,演达大道,23.0409,广东省,12835.0,惠州市,
东湖花园,惠州,441300,惠城区,,东湖社区居委会,东湖花园四号小区,桥东街道办事处,东湖花园4号小区,114.44,2002,惠城,东湖六街92号,23.0881,广东省,11493.0,惠州市,东湖花园
淡水西,惠州,441300,惠阳区,,,中天彩虹城,淡水街道办事处,中天彩虹城,114.477,2008,惠阳,人民六路18号,22.7763,广东省,10433.0,惠州市,
淡水中心区,惠州,441300,惠阳区,,,锦江花园,淡水街道办事处,锦江花园,114.457,0,惠阳,康和路,22.7931,广东省,9558.0,惠州市,
淡水中心区,惠州,441300,惠阳区,,,丽江花园,淡水街道办事处,丽江花园,114.464,2008,惠阳,白云二路,22.7903,广东省,10855.0,惠州市,
花边岭,惠州,441300,惠城区,,花边岭社区居委会,海燕玉兰花园,桥西街道办事处,海燕玉兰花园,114.42,2005,惠城,麦地东路,23.0745,广东省,12097.0,惠州市,
淡水中心区,惠州,441300,惠阳区,,,隆基天地广场,淡水街道办事处,隆基天地广场,114.466,2007,惠阳,白云二路,22.7911,广东省,10399.0,惠州市,
南部新城,惠州,441300,惠城区,,,金山城小区,,金山城小区,114.425,1996,惠城,三环南路,23.064,广东省,7742.0,惠州市,
花边岭,惠州,441300,惠城区,,花边岭社区居委会,集美麦景新苑,桥西街道办事处,集美麦景新苑,114.417,2007,惠城,麦地东路,23.0739,广东省,13182.0,惠州市,
西湖风景区,惠州,441300,惠城区,,,南湖明珠,,南湖明珠,114.408,2014,惠城,麦地路13号,23.0819,广东省,23582.0,惠州市,
江北中心区,惠州,441300,惠城区,,,天一名居,江北街道办事处,天1名居,114.433,2009,惠城,新沥路22号,23.1231,广东省,11835.0,惠州市,
陈江,惠州,441300,仲恺高新区,,,光耀荷兰小城,陈江街道办事处,光耀荷兰小城,114.329,2016,惠城,陈江大道,23.0315,广东省,9712.0,惠州市,荷兰小城
金山湖,惠州,441300,惠城区,,,金旺新苑,河南岸街道办事处,金旺新苑,114.431,2005,惠城,白泥路8号,23.0704,广东省,10984.0,惠州市,
花边岭,惠州,441300,惠城区,,花边岭社区居委会,益鑫大厦,桥西街道办事处,益鑫大厦,114.419,2008,惠城,花边岭南路11号,23.0797,广东省,12285.0,惠州市,
河南岸,惠州,441300,惠城区,,,江南新村,河南岸街道办事处,江南新村,114.427,1996,惠城,斑樟湖一横街一横巷9号,23.0843,广东省,6828.0,惠州市,
江北滨江区,惠州,441300,惠城区,,,富力丽港银湾,江北街道办事处,富力丽港银湾,114.417,2009,惠城,东江二路3号,23.1066,广东省,22983.0,惠州市,丽港银湾
水口,惠州,441300,惠城区,,,江南御都,水口街道办事处,江南御都,114.477,2011,惠城,环镇路,23.1064,广东省,10890.0,惠州市,
花边岭,惠州,441300,惠城区,,花边岭社区居委会,华泰新村,桥西街道办事处,华泰新村,114.413,1998,惠城,麦地南路5号,23.0774,广东省,6049.0,惠州市,
江北中心区,惠州,441300,惠城区,,,蓝天花园,江北街道办事处,蓝天花园,114.432,2005,惠城,新江路,23.1292,广东省,10000.0,惠州市,
江北中心区,惠州,441300,惠城区,,,万科金域华庭一期,江北街道办事处,万科金域华庭1期,114.434,0,惠城,三环北路,23.1349,广东省,15153.0,惠州市,万科金域华庭 金域华庭 金域华庭1期
花边岭,惠州,441300,惠城区,,花边岭社区居委会,东江明珠花园,桥西街道办事处,东江明珠花园,114.414,2009,惠城,麦地东路3号,23.074,广东省,12406.0,惠州市,
花边岭,惠州,441300,惠城区,,花边岭社区居委会,四洲安邑家园,桥西街道办事处,4洲安邑家园,114.418,2004,惠城,花边南路29号,23.0761,广东省,7990.0,惠州市,
龙丰,惠州,441300,惠城区,,,红花湖丽苑,龙丰街道办事处,红花湖丽苑,114.391,2006,惠城,河坑路2号,23.0787,广东省,12070.0,惠州市,
陈江,惠州,441300,仲恺高新区,,,御景华城,陈江街道办事处,御景华城,114.325,2008,惠城,白云路,23.0063,广东省,8194.0,惠州市,
龙丰,惠州,441300,惠城区,,,雅安苑,龙丰街道办事处,雅安苑,114.395,2004,惠城,园蓬街1号,23.0825,广东省,9104.0,惠州市,
江北中心区,惠州,441300,惠城区,,,金城广场君华府,江北街道办事处,金城广场君华府,114.428,2006,惠城,惠州大道72号,23.1202,广东省,10935.0,惠州市,
江北滨江区,惠州,441300,惠城区,,,金世界花园,江北街道办事处,金世界花园,114.436,0,惠城,菊香一路,23.1186,广东省,11306.0,惠州市,
大湖溪,惠州,441300,惠城区,,湖溪社区居委会,蓝波湾,水口街道办事处,蓝波湾,114.462,2007,惠城,水口大道,23.0921,广东省,10925.0,惠州市,
淡水西,惠州,441300,惠阳区,,,钱江花园,淡水街道办事处,钱江花园,114.47,1993,惠阳,爱民中路142号,22.7824,广东省,7724.0,惠州市,
江北中心区,惠州,441300,惠城区,,,华丽大厦,江北街道办事处,华丽大厦,114.427,2008,惠城,江北14号,23.1224,广东省,11920.0,惠州市,
江北中心区,惠州,441300,惠城区,,,南光小区,江北街道办事处,南光小区,114.422,2006,惠城,惠州大道中89号,23.1331,广东省,8623.0,惠州市,
河南岸,惠州,441300,惠城区,,,宏益尚城,河南岸街道办事处,宏益尚城,114.428,2005,惠城,南岸路137号,23.0685,广东省,14462.0,惠州市,
龙丰,惠州,441300,惠城区,,,兴合坊,龙丰街道办事处,兴合坊,114.377,2008,惠城,共联路,23.0971,广东省,10063.0,惠州市,
淡水西,惠州,441300,惠阳区,,,玫瑰华庭,淡水街道办事处,玫瑰华庭,114.466,2007,惠阳,承修四路,22.786,广东省,7202.0,惠州市,
金山湖,惠州,441300,惠城区,,,南岸翠堤园,河南岸街道办事处,南岸翠堤园,114.432,2007,惠城,鸿昌路26号,23.0699,广东省,12493.0,惠州市,
西区,惠州,441300,大亚湾区,,,惠丰城,西区办事处,惠丰城,114.493,2010,惠阳,龙海二路15号,22.7608,广东省,8368.0,惠州市,
江北滨江区,惠州,441300,惠城区,,,盛世华府,江北街道办事处,盛世华府,114.434,2011,惠城,菊花一路6号,23.1153,广东省,14491.0,惠州市,
麦地东,惠州,441300,惠城区,,麦地社区居委会,都市公寓,桥西街道办事处,都市公寓,114.418,2007,惠城,花边南路26号,23.0685,广东省,9110.0,惠州市,
龙丰,惠州,441300,惠城区,,,威龙花苑,龙丰街道办事处,威龙花苑,114.39,1996,惠城,龙丰路28号,23.0833,广东省,6247.0,惠州市,
南坛,惠州,441300,惠城区,,南坛社区居委会,幸福家园,桥西街道办事处,幸福家园,114.413,2004,惠城,麦地路41号,23.0814,广东省,17972.0,惠州市,
花边岭,惠州,441300,惠城区,,花边岭社区居委会,世纪名都,桥西街道办事处,世纪名都,114.413,2003,惠城,麦地路24号,23.0804,广东省,8477.0,惠州市,
花边岭,惠州,441300,惠城区,,花边岭社区居委会,愉园花园,桥西街道办事处,愉园花园,114.42,2005,惠城,演达大道,23.0768,广东省,11571.0,惠州市,
东平北,惠州,441300,惠城区,,东平村民委员会,鑫月汇峰,桥东街道办事处,鑫月汇峰,114.443,2009,惠城,环岛二路10-14号,23.0995,广东省,12183.0,惠州市,
南站新城,惠州,441300,惠阳区,,,金叶公寓,,金叶公寓,114.481,2002,惠阳,开城大道南129号,22.7832,广东省,6376.0,惠州市,
下埔,惠州,441300,惠城区,,下埔社区居委会,时代广场,桥西街道办事处,时代广场,114.42,2003,惠城,下埔路9号,23.0873,广东省,13949.0,惠州市,
南站新城,惠州,441300,惠阳区,,,金碧雅苑,,金碧雅苑,114.485,2009,惠阳,富源路2号,22.7824,广东省,9100.0,惠州市,
江北中心区,惠州,441300,惠城区,,,双城国际北区,江北街道办事处,双城国际北区,114.432,2011,惠城,新沥路40号,23.1352,广东省,9210.0,惠州市,双城国际
麦地西,惠州,441300,惠城区,,麦地社区居委会,鹅城国际,桥西街道办事处,鹅城国际,114.401,2005,惠城,鹅岭南路31号,23.0816,广东省,9407.0,惠州市,
水口,惠州,441300,惠城区,,,宏新富苑,水口街道办事处,宏新富苑,114.462,2009,惠城,龙湖大道南212号,23.113,广东省,9896.0,惠州市,
东平北,惠州,441300,惠城区,,东平村民委员会,荷兰水乡巧克力,桥东街道办事处,荷兰水乡巧克力,114.44,2010,惠城,惠州大道80号,23.0957,广东省,12495.0,惠州市,
河南岸,惠州,441300,惠城区,,,升辉苑,河南岸街道办事处,升辉苑,114.425,2003,惠城,麦地路,23.085,广东省,6625.0,惠州市,
麦地东,惠州,441300,惠城区,,麦地社区居委会,裕丰花园,桥西街道办事处,裕丰花园,114.419,2006,惠城,花边南路,23.0708,广东省,8149.0,惠州市,
河南岸,惠州,441300,惠城区,,,南华苑,河南岸街道办事处,南华苑,114.428,2002,惠城,白泥路1号,23.0716,广东省,7531.0,惠州市,
西湖风景区,惠州,441300,惠城区,,,润景楼,,润景楼,114.394,2000,惠城,鹅岭南路,23.0862,广东省,6250.0,惠州市,
麦地西,惠州,441300,惠城区,,麦地社区居委会,竹树新村,桥西街道办事处,竹树新村,114.411,2000,惠城,马庄路23号,23.0762,广东省,6716.0,惠州市,
江北滨江区,惠州,441300,惠城区,,,城市花园,江北街道办事处,城市花园,114.418,1995,惠城,东江二路,23.1071,广东省,23881.0,惠州市,
西湖风景区,惠州,441300,惠城区,,,叠翠山庄,,叠翠山庄,114.402,2004,惠城,鹅岭北路16号,23.0881,广东省,12075.0,惠州市,
金山湖,惠州,441300,惠城区,,,金山湖花园1区,河南岸街道办事处,金山湖花园1区,114.432,2012,惠城,三环南路18号,23.0634,广东省,16885.0,惠州市,金山湖花园
南站新城,惠州,441300,惠阳区,,,文华楼,,文华楼,114.482,1993,惠阳,莲塘路,22.7927,广东省,5835.0,惠州市,
麦地东,惠州,441300,惠城区,,麦地社区居委会,壹米阳光,桥西街道办事处,1米阳光,114.418,2005,惠城,花边南路22号,23.072,广东省,7169.0,惠州市,
南坛,惠州,441300,惠城区,,南坛社区居委会,金雅苑,桥西街道办事处,金雅苑,114.413,2002,惠城,龙船街13-46号,23.0919,广东省,10000.0,惠州市,
麦地西,惠州,441300,惠城区,,麦地社区居委会,龙丰花园,桥西街道办事处,龙丰花园,114.402,1995,惠城,花园水西路,23.083,广东省,5498.0,惠州市,
江北中心区,惠州,441300,惠城区,,,江北新苑,江北街道办事处,江北新苑,114.423,1998,惠城,三新南路8号,23.1242,广东省,9550.0,惠州市,
麦地西,惠州,441300,惠城区,,麦地社区居委会,科肚富华楼,桥西街道办事处,科肚富华楼,114.403,1998,惠城,花园水中路,23.0826,广东省,5357.0,惠州市,
西区,惠州,441300,大亚湾区,,,明珠花园,西区办事处,明珠花园,114.482,2005,惠阳,人民东路1号,22.7722,广东省,7630.0,惠州市,
下埔,惠州,441300,惠城区,,下埔社区居委会,瑞亨大厦,桥西街道办事处,瑞亨大厦,114.421,2000,惠城,西堤路23号,23.0883,广东省,10000.0,惠州市,
南部新城,惠州,441300,惠城区,,,熙龙小镇,,熙龙小镇,114.404,2011,惠城,宝安路,23.057,广东省,11962.0,惠州市,
麦地西,惠州,441300,惠城区,,麦地社区居委会,银安花园,桥西街道办事处,银安花园,114.411,2002,惠城,永安街4号,23.0783,广东省,4960.0,惠州市,
江北中心区,惠州,441300,惠城区,,,光耀橙子,江北街道办事处,光耀橙子,114.427,2008,惠城,惠州大道,23.1205,广东省,17473.0,惠州市,
淡水西,惠州,441300,惠阳区,,,国土局宿舍,淡水街道办事处,国土局宿舍,114.46,1998,惠阳,白云二路194号,22.7872,广东省,4009.0,惠州市,
淡水中心区,惠州,441300,惠阳区,,,开元城,淡水街道办事处,开元城,114.448,1995,惠阳,白云二路,22.7828,广东省,6604.0,惠州市,
淡水中心区,惠州,441300,惠阳区,,,文锦花园,淡水街道办事处,文锦花园,114.475,1995,惠阳,南门街,22.803,广东省,7417.0,惠州市,
淡水西,惠州,441300,惠阳区,,,珠江东岸,淡水街道办事处,珠江东岸,114.451,2012,惠阳,龙海二路,22.7602,广东省,12065.0,惠州市,
水口,惠州,441300,惠城区,,,珠光御景湾,水口街道办事处,珠光御景湾,114.479,2011,惠城,水口大道,23.1208,广东省,10225.0,惠州市,
中心区,惠州,441300,惠阳区,,,国香金湾雅苑,,国香金湾雅苑,114.548,2009,惠阳,中兴南路,22.7436,广东省,7892.0,惠州市,
水口,惠州,441300,惠城区,,,鸿升世纪东方城,水口街道办事处,鸿升世纪东方城,114.473,2009,惠城,惠泽大道,23.1077,广东省,10809.0,惠州市,
